context,Paper/source,Peak URL,BigWig URL,SRA ID,Type,Notes
AB,NA,https://chip-atlas.dbcls.jp/data/dm6/eachData/bed05/SRX12178807.05.bed,https://chip-atlas.dbcls.jp/data/dm6/eachData/bw/SRX12178807.bw,SRR15888107,PE,NA
E11,mixed sexstrain: DGRP 399,https://chip-atlas.dbcls.jp/data/dm6/eachData/bed05/ERX3978749.05.bed,https://chip-atlas.dbcls.jp/data/dm6/eachData/bw/ERX3978749.bw,ERR3975761,PE,NA
E13,mixed sexstrain: DGRP 399,https://chip-atlas.dbcls.jp/data/dm6/eachData/bed05/ERX3978754.05.bed,https://chip-atlas.dbcls.jp/data/dm6/eachData/bw/ERX3978754.bw,ERR3975767,PE,NA
E5,mixed sexstrain: DGRP 399,https://chip-atlas.dbcls.jp/data/dm6/eachData/bed05/ERX3978762.05.bed,https://chip-atlas.dbcls.jp/data/dm6/eachData/bw/ERX3978762.bw,ERR3975804,PE,2 raw read experiments for same accession ID
EAD,NA,https://chip-atlas.dbcls.jp/data/dm6/eachData/bed05/SRX12178805.05.bed,https://chip-atlas.dbcls.jp/data/dm6/eachData/bw/SRX12178805.bw,SRR15888109,PE,NA
HID,10.1016/j.cub.2021.07.030,https://chip-atlas.dbcls.jp/data/dm6/eachData/bed05/SRX10089738.05.bed,https://chip-atlas.dbcls.jp/data/dm6/eachData/bw/SRX10089738.bw,SRR13700625,PE,NA
LB,10.1038/s41467-021-27506-y,https://chip-atlas.dbcls.jp/data/dm6/eachData/bed05/SRX12440698.05.bed,https://chip-atlas.dbcls.jp/data/dm6/eachData/bw/SRX12440698.bw,SRR16155879,PE,NA
O,NA,https://chip-atlas.dbcls.jp/data/dm6/eachData/bed05/SRX12178811.05.bed,https://chip-atlas.dbcls.jp/data/dm6/eachData/bw/SRX12178811.bw,SRR15888103,PE,NA
WID,10.1101/gr.233098.117,https://chip-atlas.dbcls.jp/data/dm6/eachData/bed05/SRX3104579.05.bed,https://chip-atlas.dbcls.jp/data/dm6/eachData/bw/SRX3104579.bw,SRR5946184,PE,NA
